nombre;descripcion;imagen
Rasos;Tejido de ligamento raso que ofrece una superficie extremadamente suave, lisa y brillante. Es la elección predilecta para la confección de vestidos de fiesta, lencería de alta gama y elementos decorativos que busquen un toque de lujo y distinción.;/images/articulo-es-0.jpg
Sabana a metros;Tejido ligero, fresco y altamente transpirable con una composición optimizada para el descanso. Su suavidad al contacto con la piel lo hace perfecto para la confección de juegos de sábanas personalizados, fundas de almohada y ropa de cama duradera.;/images/articulo-es-1.jpg
Lonetas lisas;Tejido de gran cuerpo y resistencia mecánica, fabricado con hilos entrelazados de forma tupida. Su versatilidad y acabado liso lo convierten en el material ideal para tapicería de mobiliario, confección de cojines, mochilas y proyectos de manualidades que requieran durabilidad.;/images/articulo-es-2.jpg
Lonetas estampadas;Variante resistente de la loneta que incorpora diseños y motivos gráficos mediante impresión de alta calidad. Combina la robustez necesaria para tapizar sillas y sofás con un alto valor decorativo para cortinas, manteles y complementos del hogar.;/images/articulo-es-3.jpg
Patchwork;Selección de tejidos de algodón de alta calidad con diversos diseños coordinados. Presentan el gramaje y la estabilidad necesarios para cortes precisos en proyectos de costura creativa, acolchados manuales y la unión de retales para mantas y accesorios únicos.;/images/articulo-es-4.jpg
Tejidos punto;Estructura textil entrelazada que otorga una elasticidad natural y gran capacidad de recuperación. Es un tejido extremadamente cómodo y adaptable al cuerpo, ideal para la confección de camisetas, vestidos ajustados, prendas deportivas y ropa infantil.;/images/articulo-es-5.jpg
Tejido toalla;Tejido de rizo con alta capacidad de absorción gracias a su estructura de bucles de algodón. Su tacto esponjoso y resistente a los lavados frecuentes lo hace imprescindible para la fabricación de toallas de baño, albornoces y accesorios de higiene.;/images/articulo-es-6.jpg
Manteles a metros;Tejido especializado para el servicio de mesa que combina resistencia a las manchas con una caída elegante. Está diseñado para soportar el uso diario y lavados intensivos, manteniendo su color y textura en ambientes de comedor y hostelería.;/images/articulo-es-7.jpg
Entretelas;Material de refuerzo técnico que se aplica en el interior de las prendas para proporcionar estructura, cuerpo y rigidez controlada. Fundamental para dar forma a cuellos, puños, solapas y vistas, asegurando que la prenda mantenga su diseño original.;/images/articulo-es-8.jpg
Popeline;Tejido de trama fina, densa y tacto ligeramente sedoso. Es un material muy agradecido para la costura por su estabilidad, siendo el estándar para la confección de camisas de vestir, blusas femeninas y vestidos de verano frescos y elegantes.;/images/articulo-es-9.jpg
Terciopelo;Tejido suntuoso con un pelo corto y denso que crea una textura aterciopelada inconfundible. Refleja la luz de forma única, aportando profundidad cromática y elegancia en la confección de trajes de noche, chaquetas y elementos de decoración sofisticada.;/images/articulo-es-10.webp
Tejidos de pelo;Material textil que imita la piel animal con fibras sintéticas suaves y de diversa longitud. Proporciona un gran aislamiento térmico y un aspecto voluminoso, siendo ideal para la creación de abrigos de invierno, disfraces creativos y mantas decorativas.;/images/articulo-es-11.jpg
Polipiel;Innovadora alternativa sintética al cuero que ofrece una superficie grabada de alta resistencia y fácil mantenimiento. Su acabado impermeable y duradero es perfecto para el tapizado de asientos de exterior, sofás, confección de bolsos y complementos de moda ética.;/images/articulo-es-12.jpg
Tejido de toldo por metros;Lona técnica de alta densidad con tratamientos específicos para la resistencia a los rayos UV y la intemperie. Su estructura reforzada previene el desgarro y la decoloración, siendo el material estándar para protección solar en terrazas, balcones y pérgolas.;/images/articulo-es-13.jpg
Tejidos de moda;Colección dinámica de textiles que siguen las últimas tendencias de las pasarelas. Incluye mezclas de fibras y acabados novedosos diseñados específicamente para la confección de prendas de temporada que requieren un aspecto actual y vanguardista.;/images/articulo-es-14.jpg
Linos;Fibra natural de origen vegetal reconocida por su excepcional frescura y propiedades antibacterianas. Su característica textura irregular y su capacidad para absorber la humedad lo convierten en el tejido de lujo indispensable para climas cálidos y moda estival.;/images/articulo-es-15.jpg
Algodones;Tejido universal de origen natural, valorado por su suavidad, transpirabilidad e hipoalergenia. Es la base de la industria textil debido a su versatilidad, permitiendo desde la confección de ropa básica diaria hasta artículos del hogar de alta durabilidad.;/images/articulo-es-16.jpg
Tejidos correfuegos;Materiales técnicos sometidos a procesos químicos ignífugos que impiden la propagación de la llama. Cumplen con estrictas normativas de seguridad, siendo obligatorios para cortinas y tapicerías en locales públicos, hoteles, teatros y entornos de riesgo.;/images/articulo-es-17.jpg
Tapiceria;Gama de tejidos de alto rendimiento con índices de resistencia a la abrasión muy elevados. Están diseñados para soportar el roce constante y el peso, lo que los hace ideales para renovar sillas, butacas, sofás y cabeceros de cama con garantías de longevidad.;/images/articulo-es-18.jpg
Blondas;Tejido delicado y ornamental que presenta calados y motivos florales realizados con hilos finos. Aporta un aire romántico y sofisticado cuando se utiliza como recubrimiento en vestidos de novia, detalles en lencería o acabados decorativos en prendas de gala.;/images/articulo-es-19.jpg
Fielteos;Textil no tejido producido mediante la compactación de fibras, lo que resulta en un material denso que no se deshilacha al cortar. Su rigidez y calidez lo hacen perfecto para manualidades escolares, decoraciones navideñas, sombrerería y aplicaciones industriales.;/images/articulo-es-20.jpg
Goma eva;Material polimérico termoplástico de estructura celular cerrada, muy ligero y flexible. Su facilidad para ser cortado, pegado y moldeado con calor lo convierte en el material estrella para el diseño de disfraces, accesorios de cosplay y manualidades infantiles.;/images/articulo-es-21.jpg
Tul;Red textil muy fina y ligera que crea un efecto de transparencia y volumen sin añadir peso. Es un tejido fundamental en la creación de velos, faldas de bailarina (tutús), capas de volumen en vestidos de fiesta y decoración de eventos y celebraciones.;/images/articulo-es-22.jpg
Organza;Tejido rígido y translúcido con un brillo irisado característico. A pesar de su ligereza, mantiene muy bien la forma, lo que permite crear volantes, lazos y estructuras decorativas en vestidos de ceremonia, envoltorios de lujo y aplicaciones textiles.;/images/articulo-es-23.jpg
Gasas;Tejido de ligamento abierto extremadamente vaporoso y delicado. Su caída fluida y semitransparencia lo hacen ideal para la confección de fulares, vestidos multicapa y prendas románticas que busquen ligereza y movimiento constante.;/images/articulo-es-24.jpg
Franelas;Tejido de algodón o lana sometido a un proceso de perchado para extraer las fibras y crear una superficie suave y mullida. Es excelente como aislante térmico, siendo el material preferido para pijamas de invierno, sábanas térmicas y camisas de cuadros.;/images/articulo-es-25.jpg
Punto para clales;Textil de alta tecnología con gran porcentaje de elastano que permite una extensión máxima en todas las direcciones. Diseñado para ofrecer total libertad de movimiento en la confección de mallas de baile, ropa de gimnasia rítmica y trajes de patinaje.;/images/articulo-es-26.jpg
Lanas;Fibra natural animal con propiedades térmicas inigualables, capaz de mantener el calor corporal incluso en condiciones húmedas. Su elasticidad natural y resistencia a las arrugas la hacen perfecta para jerséis de calidad, chaquetas y accesorios de invierno.;/images/articulo-es-27.jpg
Mohair;Fibra de lujo procedente del pelo de la cabra de Angora, conocida por su brillo sedoso y su gran calidez a pesar de su poco peso. Es un material muy apreciado en la alta costura por su resistencia al fieltrado y su suavidad excepcional al tacto.;/images/articulo-es-28.jpg
Paños;Tejido de lana denso y sometido a procesos de acabado que cierran la trama, resultando en una superficie lisa y muy resistente al viento. Es el tejido clásico y robusto por excelencia para la fabricación de abrigos estructurados y prendas de abrigo formales.;/images/articulo-es-29.jpg
Viscosas;Fibra celulósica regenerada que combina la comodidad del algodón con la caída y el brillo de la seda. Es un tejido muy fresco y suave que se adapta perfectamente al movimiento, siendo la opción ideal para blusas fluidas, pantalones anchos y vestidos ligeros.;/images/articulo-es-30.jpg
Punto tubular;Tejido elástico fabricado de forma circular que carece de costuras laterales. Su estructura lo hace ideal para la confección de puños en sudaderas, cuellos de camisetas y bandas abdominales, facilitando un acabado limpio y profesional en la prenda.;/images/articulo-es-31.jpg
Cortinas a metros;Selección de textiles con diferentes grados de opacidad y caída, diseñados para vestir ventanas. Incluye desde visillos ligeros que dejan pasar la luz hasta tejidos opacos (blackout) que garantizan la privacidad y el aislamiento térmico en el hogar.;/images/articulo-es-32.jpg
Tejidos carnaval;Materiales textiles vibrantes, con acabados brillantes, lentejuelas o texturas extravagantes. Están diseñados para maximizar el impacto visual en desfiles y fiestas, permitiendo la creación de disfraces espectaculares con colores intensos y texturas únicas.;/images/articulo-es-33.jpg
Tejidos navideños;Tejidos decorativos que incorporan motivos y colores tradicionales de la época festiva, como rojos, verdes y dorados. Ideales para la confección de mantelería temática, calcetines de Navidad, caminos de mesa y detalles ornamentales para el hogar.;/images/articulo-es-34.jpg
Tejido recubiertos de espuma;Combinación técnica de un tejido exterior unido a una capa de espuma de poliuretano. Proporciona un efecto acolchado inmediato y aislamiento, siendo muy utilizado en el interior de bolsos, fundas de dispositivos electrónicos y paneles de protección.;/images/articulo-es-35.jpg
Tejano;Tejido de algodón reforzado (denim) con una característica sarga diagonal que le confiere una resistencia extrema al desgaste. Es el material icónico para la confección de pantalones vaqueros, chaquetas de trabajo y complementos que requieran un look urbano.;/images/articulo-es-36.jpg
Saco;Tejido rústico de fibra natural (generalmente yute o cáñamo) con una trama abierta y muy resistente. Su estética orgánica lo hace popular para tapicería de estilo industrial, decoración de eventos rústicos, jardinería y fabricación de envases tradicionales.;/images/articulo-es-37.jpg
Pelo corto;Variante de tejido sintético con fibras muy cortas y compactas que ofrecen un tacto similar al peluche. Es extremadamente suave y acogedor, lo que lo hace idóneo para la fabricación de mantas para bebés, forros de chaquetas y juguetes infantiles.;/images/articulo-es-38.jpg
Moqueta;Tejido de gran espesor y base reforzada diseñado para el revestimiento de suelos. Ofrece propiedades de aislamiento acústico y térmico, además de una pisada confortable, siendo ideal para ferias, eventos corporativos o renovación de espacios interiores.;/images/articulo-es-39.jpg
